<?xml version="1.0" encoding="UTF-8"?>
<actions>
        <action>
            <actionName>CUSTOM-Create jar</actionName>
            <displayName>Create jar</displayName>
            <preAction>build-with-dependencies</preAction>
            <properties>
                <Env.JAVA_HOME>C:\Program Files\Java\jdk1.8.0_144</Env.JAVA_HOME>
            </properties>
        </action>
        <action>
            <actionName>CUSTOM-Build jar</actionName>
            <displayName>Build jar</displayName>
            <properties>
                <Env.JAVA_HOME>C:\Program Files\Java\jdk1.8.0_144</Env.JAVA_HOME>
            </properties>
        </action>
    </actions>
